Class,Images,High_Frequency_Ratio_Mean,High_Frequency_Ratio_Std,Gradient_Magnitude_Mean,Gradient_Magnitude_Std
No_DR,1805,0.012446695249695383,0.00408619941100351,10.60394900763134,2.78456975623532
Mild,370,0.009476156020222382,0.002931874028712148,8.536010454152082,1.6073062231664288
Moderate,999,0.008868722698697401,0.0033788671504248807,8.172647908643201,2.0071047765005017
Severe,193,0.009232114401520495,0.00373031938987516,8.584322541488884,2.025042503332416
Proliferate_DR,295,0.008815536721238582,0.0032605505656206945,8.20109274751049,1.8993867671095228
